Date,Recession,Automobile_Sales,GDP,Unemployment_Rate,Consumer_Confidence,Seasonality_Weight,Price,Advertising_Expenditure,Vehicle_Type,Competition,Month,Year
1980-01-31,1,5350,43879.06967502709,6.158428276575792,72.80613912971526,1.1458359482410625,37849.55074159792,117283.75375355565,Superminicar,0.21425520091415043,1,1980
1980-02-29,1,17826,44327.45882106921,4.768067154272394,105.79009003060088,0.9253074414271893,21046.519334273216,425394.2064897323,Executivecar,0.5670893993054328,2,1980
1980-03-31,1,17795,59197.8353021381,7.7559854632706715,79.7647627293032,0.8039182539967193,30467.58164895091,319820.6069372446,Mediumfamilycar,0.7695217765370571,3,1980
1980-04-30,1,6951,41013.55606913618,8.36627062494387,77.65381264606319,0.8184208036037103,38688.51995625715,472431.0537516015,Smallfamilycar,0.3994277736431001,4,1980
1980-05-31,1,5308,24811.311076131427,8.262583042220285,77.32588713883491,1.10672508603826,37951.639157529695,191302.53379788145,Superminicar,0.832320144909778,5,1980
1980-06-30,1,18979,28984.72384338306,5.17377019788216,77.02742829466294,0.8172541599267542,16583.624349930004,472418.4874599613,Executivecar,0.5239463749744991,6,1980
1980-07-31,1,17305,44345.523310387,5.9217840943425175,110.20318978262584,0.8869121711392994,21176.562501818284,405613.73811352265,Mediumfamilycar,0.6165550499449122,7,1980
1980-08-31,1,13137,44556.23314242596,9.277145155466727,114.50242730719789,1.1778725629449538,20281.15766331944,240741.73883785045,Superminicar,0.7532842811911656,8,1980
1980-09-30,1,5459,29607.98434026102,9.346200537234322,106.29302994022896,0.8924491961957831,28199.582197497464,136036.81430653384,Sports,0.9654690949027611,9,1980
1980-10-31,1,17172,47195.62044781296,9.735268951386065,117.55415116281473,1.0284658928581087,37980.403180910565,194859.75153378648,Superminicar,0.8272251549386009,10,1980
1980-11-30,1,5230,43500.51187834381,6.088099530740705,74.96707943308179,0.9660774228466851,37708.222202591234,375006.1739054108,Mediumfamilycar,0.722581886191481,11,1980
1980-12-31,1,18381,52297.51476021903,6.766295030997774,113.24821206212347,0.8723381836354274,15592.197775358627,452869.00142358575,Mediumfamilycar,0.4475049423217441,12,1980
1981-01-31,1,17675,59819.439870254595,8.150131280737648,71.09278521518497,1.1518397713547748,23367.007038743883,184155.3526813215,Superminicar,0.7143855818005036,1,1981
1981-02-28,1,7581,40164.67564768932,5.612775648547897,54.170622514142394,1.1993185591437443,32464.587281012693,493120.08796140825,Executivecar,0.5295340533623388,2,1981
1981-03-31,1,16742,39320.158263553414,8.612451286730732,61.42812694715198,1.1461521649959376,28430.557354517354,143780.40784884995,Smallfamilycar,0.7547228649863643,3,1981
1981-04-30,1,6494,27301.405754730804,3.970173705169495,60.84192432282488,1.0040896555495715,26979.893363056974,237654.0522061074,Mediumfamilycar,0.45158235738137187,4,1981
1981-05-31,1,16331,54890.88280380078,9.624417927691017,68.2383556428947,1.1749761997930928,33917.91962827412,186945.88685692468,Executivecar,0.41320665631267506,5,1981
1981-06-30,1,15996,25326.506503901895,9.26754642213764,71.67587791439126,1.1182790331797727,16474.189563932367,425282.63085411926,Sports,0.9893077194077873,6,1981
1981-07-31,1,18743,38253.587974835726,4.6276279496554125,93.92684419835466,0.8639985645473454,28368.92019908423,483226.32099208323,Superminicar,0.14481514480118457,7,1981
1981-08-31,1,12386,25654.751517199744,5.620281392433089,107.60558321838755,1.1489305470482498,32481.929903941233,365851.3652200772,Sports,0.1980663453967122,8,1981
1981-09-30,1,19925,54270.60373291739,4.28788896693563,88.7524608288704,0.88170596142952,18844.47100805688,175216.86440646325,Executivecar,0.3468879617910388,9,1981
1981-10-31,1,16280,41213.689710484105,7.307171096886211,117.46894523572347,0.8452249696133289,19208.50492447226,192482.82047294494,Superminicar,0.47870492211616333,10,1981
1981-11-30,1,11103,24989.17188443662,9.561220615784176,54.96181056468535,0.9661834767551946,20871.429092202066,237453.73808296781,Smallfamilycar,0.32479587367335433,11,1981
1981-12-31,1,6126,44980.81650136872,6.672566163127074,54.69460998786434,1.1924824397934168,22259.317377542866,137923.10629948354,Smallfamilycar,0.4353950201832696,12,1981
1982-01-31,1,6093,27655.35015762454,8.937411983256476,116.19515544461724,1.1026984508990036,21788.853902250987,184985.2521877196,Superminicar,0.8290334307598153,1,1982
1982-02-28,1,10752,46079.90764083897,8.123603912221693,55.29413143818411,1.1516385832654135,16265.50387422201,264074.4308899839,Smallfamilycar,0.40344072562851896,2,1982
1982-03-31,1,8845,58699.64268236488,6.252521811016136,98.42799414743239,1.1999621833162228,31823.34431141578,350589.5088890663,Smallfamilycar,0.9264950238811616,3,1982
1982-04-30,1,18434,49248.69965692728,4.504471474907886,71.38792765742923,0.980699562245757,23032.9676306285,114117.94764403558,Smallfamilycar,0.6771924572420268,4,1982
1982-05-31,1,5190,29178.72831303195,9.8312066859885,84.49746695472113,1.0581508963553006,24005.899281102007,286622.62299350766,Mediumfamilycar,0.9859413235881178,5,1982
1982-06-30,1,15181,50425.46473573187,5.454901639124416,110.0532528269633,1.0270415597786462,15869.806446581859,379923.00858529366,Executivecar,0.831758946858502,6,1982
1982-07-31,1,7258,50728.75630228556,9.174661835982343,66.65958116685736,0.8797907215454267,16377.700194355211,300828.6387646077,Mediumfamilycar,0.46285758773325325,7,1982
1982-08-31,1,13827,57515.261931540444,3.8330594762852392,72.28965581344542,1.0361954714263368,39549.82925256753,257012.246722585,Executivecar,0.9440966062653828,8,1982
1982-09-30,1,19624,41410.902639098014,4.690198572186011,96.86363049182629,1.1566777707025673,36560.38540805319,353536.28795648855,Superminicar,0.6794774280775346,9,1982
1982-10-31,1,7327,57013.01789561236,9.033832073530315,55.50616956072535,0.9767021223913931,39221.67739271694,119591.09784133633,Smallfamilycar,0.6116953133187437,10,1982
1982-11-30,1,16754,29515.686678593236,9.197622594652161,86.8867839911566,1.1546490487806418,24272.36624128244,403774.8125373688,Sports,0.3678012688189155,11,1982
1982-12-31,1,5651,57676.135333233724,7.277272950725305,109.8964567640071,0.8223282776490546,29621.704989679616,395367.8443725493,Executivecar,0.996003310740122,12,1982
1983-01-31,0,5491,38411.945695522576,3.2366420569817937,107.83242798281833,1.1617357633900975,24574.057092994146,415875.4803858429,Mediumfamilycar,0.3978764144795969,1,1983
1983-02-28,0,10887,33613.48480024157,7.77611909699261,78.17691468738875,1.0999672981502158,27431.08074083418,248280.58537446652,Mediumfamilycar,0.9457137617509125,2,1983
1983-03-31,0,11918,25551.6647186449,9.929882907630347,104.69774402369708,1.043097413520416,19391.2166326931,320655.10686795774,Superminicar,0.736963598372126,3,1983
1983-04-30,0,18876,28129.6741083396,3.719676420983195,52.41389383906405,0.9337781284866935,26504.204432022467,394347.98688616685,Superminicar,0.4757131129057145,4,1983
1983-05-31,0,17105,42522.53037505549,6.515578477816986,108.45534815060395,0.8395830498112566,32202.995617285684,210778.6789431322,Executivecar,0.9382394668999372,5,1983
1983-06-30,0,7349,53138.474753291004,9.526295713094875,65.49281350261349,1.0780859525624127,21655.677967972846,318814.50150874536,Mediumfamilycar,0.6683106655693019,6,1983
1983-07-31,0,13875,29304.054050859962,6.3964288739484525,63.80932082402782,0.8212279276681838,36563.66265882245,367585.7117431186,Executivecar,0.484345666898367,7,1983
1983-08-31,0,5542,26369.88935615237,8.064527900437117,61.54487299848,1.1316697613964084,20274.154434018343,273647.9962300098,Mediumfamilycar,0.6414709217756877,8,1983
1983-09-30,0,18225,21351.7814772253,3.772676361849279,52.47229765790167,1.0510244248465457,33410.96061423996,136779.72668225222,Smallfamilycar,0.44826891692248905,9,1983
1983-10-31,0,5335,42205.667844960226,8.725203836160226,65.41328034491059,1.1134968732849067,31399.326684200976,357200.59722760564,Superminicar,0.30836992568424904,10,1983
1983-11-30,0,7106,59155.946496699704,9.20456006160586,104.95919324798545,0.8401262270161585,29005.79906658083,487374.9017721865,Smallfamilycar,0.317848542298176,11,1983
1983-12-31,0,6926,45514.64001541184,5.014167633680644,59.033156854983204,0.8279516641276932,19701.279779400196,328130.16314766754,Executivecar,0.852299258098884,12,1983
1984-01-31,0,12864,21089.676930004138,4.84143692234332,112.80024109654481,0.9267898285876471,21787.6785619165,131132.28791125043,Smallfamilycar,0.4005836606150418,1,1984
1984-02-29,0,7117,50709.62472993668,7.125587352030841,112.18546360792354,0.9849021926353931,28322.24074683611,234765.20247395238,Sports,0.9194476888350623,2,1984
1984-03-31,0,18727,56659.53823951871,5.794179397321066,113.74755919826003,0.9717774760098805,17081.817266332586,166474.565163862,Executivecar,0.3305015702819127,3,1984
1984-04-30,0,18188,47304.38024863247,3.6846601566534876,96.71788280788199,0.9389495083870556,25525.73427434145,370057.42192553275,Superminicar,0.11417604591674696,4,1984
1984-05-31,0,19063,58981.092622902404,8.532283077716297,87.68409675033342,1.0638160536342107,37202.087282346,225386.21657196627,Superminicar,0.3458962873356882,5,1984
1984-06-30,0,12913,51939.64263056639,4.5015542334892205,111.8639624510858,0.9285926946323527,34053.169446522006,104802.44819923512,Sports,0.6926084553857104,6,1984
1984-07-31,0,9638,38230.844520263956,3.391955988160685,110.47990533406039,0.9302460658283744,27572.58812287497,485284.0288601654,Smallfamilycar,0.9689254650934286,7,1984
1984-08-31,0,11408,36368.05628859498,3.72255936886662,57.45895295451716,1.0853702603419166,31918.031228575277,155393.94358433422,Smallfamilycar,0.37063576623329053,8,1984
1984-09-30,0,16673,48735.60921958812,3.461385071720983,84.93044338625839,1.1558171138414373,34076.28313321429,360703.5374398573,Mediumfamilycar,0.7243382393559339,9,1984
1984-10-31,0,18969,46451.957807644874,4.33386720094229,118.3733341402362,1.1214408740496329,25854.78503729595,259308.2372095029,Executivecar,0.47626941897362696,10,1984
1984-11-30,0,5320,46094.07534110408,6.47769251453819,88.84965700599236,1.0709823312289561,34922.92209441621,432099.37790497125,Mediumfamilycar,0.21328716468120312,11,1984
1984-12-31,0,18529,55507.94662547888,4.645739521995907,92.51669345902202,1.0807618885639556,15281.811601637603,269022.2262232709,Superminicar,0.5622201775903094,12,1984
1985-01-31,0,15225,49710.15432385968,8.096591496970785,100.24674055058803,0.8380860844723002,25668.96642353162,392246.4913492912,Mediumfamilycar,0.9067115754826208,1,1985
1985-02-28,0,13662,35269.3962165507,9.177682985787445,118.43063746986662,0.9718529108024032,33127.31100195053,363642.63581164984,Mediumfamilycar,0.7262180984009997,2,1985
1985-03-31,0,19759,41388.7812829146,4.6524776614615995,62.05684756019808,0.9548387480525325,23548.764651779136,127057.22612042054,Smallfamilycar,0.959604966502988,3,1985
1985-04-30,0,17837,24051.06153897396,4.702536002526193,66.03030072855947,1.112843804867584,20483.37803496647,245175.75237663166,Sports,0.11143126821776865,4,1985
1985-05-31,0,15383,39039.66363553959,6.9235958848446835,64.23025301598832,0.969384248736491,32823.67092787901,316289.0055474703,Sports,0.24451452737774038,5,1985
1985-06-30,0,19617,46321.638454733504,5.741363309270756,76.79778829232771,0.8120625036874968,20553.00438246168,450913.58260946313,Executivecar,0.16457285456510345,6,1985
1985-07-31,0,15839,55343.424504775,8.31925568945742,115.0124644834552,0.9473450550172837,18638.830690564693,358222.6502864731,Superminicar,0.33556460093097773,7,1985
1985-08-31,0,8630,39904.40629819168,7.644535771135481,101.16494629043555,0.9421253871744752,35255.623195311506,370307.90260922944,Superminicar,0.1093749573726694,8,1985
1985-09-30,0,10842,28369.533255812657,9.94651744596922,67.15293334378673,0.9855815891518631,31990.493510037024,454722.8100200117,Superminicar,0.49264573542256096,9,1985
1985-10-31,0,11406,32725.000683851125,3.1273448307655007,50.32582641582022,0.9071897539188339,29558.13705410475,108118.05417841444,Superminicar,0.19797694595044266,10,1985
1985-11-30,0,18436,55572.54009474329,6.83540465456351,98.55046188209397,0.8528876299229876,35572.214791420614,343819.0470211686,Executivecar,0.388770681123093,11,1985
1985-12-31,0,15879,41677.150754728704,9.712659934664597,105.99826113003348,1.0399622062109082,28707.950743320245,334669.20546507515,Smallfamilycar,0.21470572242912478,12,1985
1986-01-31,0,13358,45641.63665642972,3.5247148965004533,105.1696642017819,0.9154371392865228,31564.62838494213,110861.09378404627,Superminicar,0.5960407370193471,1,1986
1986-02-28,0,7819,54378.21630638327,6.810857796695885,55.1461226394816,0.9704743852641143,24406.24754966051,445734.57718916517,Sports,0.22199660741400706,2,1986
1986-03-31,0,5752,59255.122455268516,4.898813718599008,89.63207612954491,1.1740351693758362,25817.98573032472,325088.46548119833,Mediumfamilycar,0.14867980958973462,3,1986
1986-04-30,0,9565,30210.746869029055,8.50954395775295,93.10410512631725,1.032331628366223,28275.21921730326,217929.66892453836,Executivecar,0.8833672895109898,4,1986
1986-05-31,0,10773,51035.002654419455,8.754435157029306,52.058363917641536,0.9234868271939859,22446.03711890588,138758.46645513183,Sports,0.2590897604537503,5,1986
1986-06-30,0,16904,23286.79349691818,9.271237279700674,84.9419586599166,1.0344403796607637,33120.12049898764,319111.6615908218,Executivecar,0.3021529127756857,6,1986
1986-07-31,0,12068,44474.424683277815,4.032468595096226,117.23915244982649,1.1270562895402108,26318.570492485338,283375.9574408318,Smallfamilycar,0.5377003293187449,7,1986
1986-08-31,0,16586,58831.776554633725,8.252611548779893,116.77004473288902,1.1393735426403042,29928.661022814616,390189.0127650228,Mediumfamilycar,0.7724669736668134,8,1986
1986-09-30,0,15110,33453.157320103586,5.8202905661836715,78.97688614178725,1.0118596497435957,23677.21938435962,251821.64551219012,Smallfamilycar,0.8836569660006179,9,1986
1986-10-31,0,17575,40868.842404095194,5.598168126798053,60.05513905768866,0.8288706635024538,36051.80221728346,292264.5477913275,Smallfamilycar,0.8902776395661944,10,1986
1986-11-30,0,14727,45960.77671562351,9.567135872030512,85.46636334695538,0.8398073459337251,30287.16262417032,100947.0592264729,Executivecar,0.8339110637592582,11,1986
1986-12-31,0,10028,53093.01819150982,8.734916983269903,109.45602474113394,1.168873309204035,17319.0653101859,156144.21001386698,Smallfamilycar,0.9017630652817371,12,1986
1987-01-31,0,18029,24406.334705929166,8.503384957232281,113.70877189922362,1.126949987175793,38789.97495520706,156538.5402693364,Sports,0.7890245909843536,1,1987
1987-02-28,0,15004,32610.11216597627,5.0124598797017,105.44698563524952,0.9104592071071558,29877.10961003432,430167.8875707119,Mediumfamilycar,0.2972282890244767,2,1987
1987-03-31,0,8651,43101.083406649705,6.362193173514562,78.6475011547719,1.0176499760772706,31698.911651177474,217654.6847426018,Mediumfamilycar,0.5741104870064405,3,1987
1987-04-30,0,9386,31912.526297751516,4.64398890554935,118.79412321177035,0.9806056029709499,26550.534415467235,495514.70417285734,Executivecar,0.6206041717377714,4,1987
1987-05-31,0,7563,56239.51967333488,3.7974116267711686,68.54280554766225,1.0106741564161474,38540.816108720865,389786.30555597256,Superminicar,0.8079331845179913,5,1987
1987-06-30,0,15431,48220.658508598775,6.138759632019099,83.0253136137669,0.9932378167312012,32681.81950672263,443149.48154815525,Sports,0.7995139056581264,6,1987
1987-07-31,0,8995,49397.998188365396,9.968205054985127,98.86992492829255,1.1582438640077408,30303.926420716816,340389.2001068823,Superminicar,0.5216536207390259,7,1987
1987-08-31,0,19423,34004.97778712291,7.834065903448787,63.08206745657004,0.8506755644480558,17699.986374280546,280250.51902007445,Mediumfamilycar,0.40713508214230065,8,1987
1987-09-30,0,15602,56626.068566091766,6.845487155886589,73.56180498299904,0.8520425063394657,23065.91722511573,334283.7086432009,Mediumfamilycar,0.929411235943455,9,1987
1987-10-31,0,8172,23019.185175865634,6.376919070454552,52.052717974223995,1.069139500243291,37497.330604328716,329877.0129533673,Executivecar,0.21336873614632668,10,1987
1987-11-30,0,11970,21383.356784309963,6.326691973056949,101.56524133835113,1.1681253870302315,17908.579239395604,337894.60071703687,Smallfamilycar,0.6029395620463509,11,1987
1987-12-31,0,5449,39384.106931117945,3.6115467664473,59.45596064159853,0.8480452683528764,29829.85876714604,163711.16078940267,Smallfamilycar,0.492034045211141,12,1987
1988-01-31,0,19397,51111.76072803684,6.015342032641061,83.07980193142701,1.018716693608282,33063.44345106756,337105.65881132626,Sports,0.19096134377815194,1,1988
1988-02-29,0,16523,40183.28224490282,5.053173918402471,87.86670703939419,0.881781133714583,31787.559605980707,416439.1311831954,Mediumfamilycar,0.7788111886895964,2,1988
1988-03-31,0,8841,28310.419776606024,3.3194212548062545,88.02523888350983,0.814682558372498,18599.788944598535,463776.47194168746,Sports,0.44222983058177234,3,1988
1988-04-30,0,13697,44096.939685372774,4.657958007412677,55.00495224054565,1.1644196919519982,15657.616992535153,338901.6535239393,Superminicar,0.74883087189423,4,1988
1988-05-31,0,16237,32369.65962862964,6.820716580635567,51.652965469479966,1.0553155185995853,17755.34846002311,222696.97119092912,Executivecar,0.28802800983396065,5,1988
1988-06-30,0,9412,53508.994540629414,7.200225933288154,59.54399640165492,0.9461654050277211,15672.705319702376,182053.69135962595,Smallfamilycar,0.5745877394820691,6,1988
1988-07-31,0,11878,45119.87188939711,5.136015005550527,99.40551109746919,1.0098428628824172,28014.854348702873,420342.616380946,Smallfamilycar,0.9328051057504222,7,1988
1988-08-31,0,19150,47628.5400128623,3.3329427460892678,82.03299448594987,1.116051715328544,33778.187764603834,443820.0702073108,Smallfamilycar,0.3669543530668776,8,1988
1988-09-30,0,16584,52061.41367156678,6.173039671820471,81.31962342844649,0.9762828265349419,17455.451969647238,100547.45586473102,Smallfamilycar,0.7711856134306624,9,1988
1988-10-31,0,13992,51745.106829493845,6.778296772793434,89.36743224573186,1.0815311310852398,23712.693896137498,465891.98238947423,Mediumfamilycar,0.21140472422294454,10,1988
1988-11-30,0,5002,53460.86710151282,9.274212394128666,76.39778550539876,1.1800448869221647,36768.63903437693,174517.79344636132,Superminicar,0.14245345044031948,11,1988
1988-12-31,0,7750,38985.57474229772,6.459287666230592,79.09609030400063,1.125268373160832,17287.037044994704,411950.5395979314,Superminicar,0.8106458174001181,12,1988
1989-01-31,0,18374,39923.71333700008,9.63077456672691,91.93202602261185,1.0344884698742387,33248.943432146,397259.8236777569,Sports,0.6794242627307914,1,1989
1989-02-28,0,6448,20615.716269275657,3.0591237534250917,74.83611107677513,1.1446603158148394,35115.72786914829,349442.3039124198,Executivecar,0.7664090127547128,2,1989
1989-03-31,0,5057,59212.351609848636,7.640642130517292,73.51543104927953,1.015535215634999,36354.77369613986,343873.0601246874,Executivecar,0.12931041016610037,3,1989
1989-04-30,0,17819,39120.358615919526,9.778650557908012,101.82071998219155,1.080940877532578,30175.317770004192,138277.2920561626,Executivecar,0.9500171845522819,4,1989
1989-05-31,0,14653,35678.901790062155,8.41072808164554,67.49836437797704,1.0640859467014867,33946.1379223066,304188.66460044734,Sports,0.4585764446662607,5,1989
1989-06-30,0,7697,40705.60505260203,6.057217546195636,113.12774844700871,0.9546388547973776,32225.855759814236,404696.48608256597,Executivecar,0.8487471687520509,6,1989
1989-07-31,0,18998,31849.85405305485,5.441463945388556,63.596392276890484,0.8027470949323218,33884.45371277946,308574.17889315664,Superminicar,0.8583226470341527,7,1989
1989-08-31,0,7564,48833.325543242565,4.777094691955812,97.38681119480822,1.0128890381651845,29877.83079824251,252799.21066818014,Mediumfamilycar,0.9837343039885529,8,1989
1989-09-30,0,16858,42010.48159503918,3.256523415245711,71.6131189370572,0.9086885163171702,32530.603768134497,136405.93214911778,Smallfamilycar,0.801248666292482,9,1989
1989-10-31,0,19689,50712.03314385819,9.119444336887078,112.52551102767248,0.8889561633586075,15214.644024295802,196509.62776957863,Mediumfamilycar,0.472627048428819,10,1989
1989-11-30,0,7424,21569.891636842407,6.7709226459497085,114.84132739607865,0.9696113149964182,19929.166060832296,146509.4042999977,Smallfamilycar,0.7028961239215605,11,1989
1989-12-31,0,10908,23353.70734189023,4.798685274977275,108.00929460167964,0.8370373406549247,18836.689214914462,163428.2338703601,Mediumfamilycar,0.6975198324278564,12,1989
1990-01-31,0,13459,34890.669355290556,4.401137062812561,66.18320738843734,1.0522548863127712,30388.82986970566,365113.33488343493,Sports,0.20388874131036913,1,1990
1990-02-28,0,10866,43581.98342200254,8.304918815548088,80.83077565870059,1.1969633847522099,17681.323521213537,478723.45742281224,Smallfamilycar,0.9810469564044249,2,1990
1990-03-31,0,17718,32355.160954203886,9.48691206094136,72.44496989828598,1.1544835229234556,30764.260674039142,486842.3951697128,Sports,0.189985929809453,3,1990
1990-04-30,0,17845,46927.799660436875,9.922621905148134,89.26917744291681,0.9745752109314547,30542.891849207117,389147.5770387778,Superminicar,0.3308503335392096,4,1990
1990-05-31,0,8532,53428.65295084062,5.248073652115414,88.11726025305774,1.0036082181327517,30987.715181952797,338884.247707755,Sports,0.14343229437244148,5,1990
1990-06-30,0,12356,50091.75249291399,9.837193137455067,74.24956108103336,0.9474828234101524,33152.67715803636,411176.19017647044,Superminicar,0.4953505667924466,6,1990
1990-07-31,0,6755,39790.56003445115,6.102612208725008,55.909223167842775,1.141055534419614,27872.543094286673,211413.34593922616,Smallfamilycar,0.6014052100014551,7,1990
1990-08-31,0,9122,41281.47281453341,9.484695295394207,58.190197547169966,0.9140814464782643,17945.96806088189,153885.56367912036,Sports,0.4269317187395836,8,1990
1990-09-30,0,14528,47493.307662914194,4.609510300141196,68.93802197803795,0.9157207707968813,22072.0090605696,482011.0103137506,Superminicar,0.6781253200210874,9,1990
1990-10-31,0,15593,47190.33335590236,3.5482507523325726,94.04013445695594,1.0775023866071924,39339.3386587258,333957.88892944483,Mediumfamilycar,0.47665824681374824,10,1990
1990-11-30,0,18739,37008.82845654893,7.642361132671777,82.90197514945942,1.182010963724668,29051.739111521594,194437.4223441913,Executivecar,0.756309861739786,11,1990
1990-12-31,0,19944,28428.26344221321,5.062014295388876,72.23972996654511,0.848327766137493,26229.144786851226,480302.85468376486,Superminicar,0.8470454990665305,12,1990
1991-01-31,1,11464,29281.438427421297,6.789573582249964,73.22381415769316,0.9660400707470802,22794.311518943414,409613.8207846225,Superminicar,0.22919055793782117,1,1991
1991-02-28,1,14332,40234.208130780156,6.523337458266652,73.72864285871489,1.1594613196224395,28947.10485196673,347118.0530273428,Sports,0.6766388318929514,2,1991
1991-03-31,1,13590,45887.89544787185,6.442043470085245,82.31619725632831,0.947262973627913,19064.038546737534,463992.3034914025,Mediumfamilycar,0.6047495979421558,3,1991
1991-04-30,1,15436,31431.1623938716,7.611232191201854,87.05549658387821,0.8751817713208475,26973.649837964986,454078.14732264273,Sports,0.3927633544620517,4,1991
1991-05-31,1,13619,22097.350525461654,3.433051185727445,67.5350205083589,1.0583130743762326,28662.98844535309,104673.27177441704,Smallfamilycar,0.8977023758585906,5,1991
1991-06-30,1,9295,23164.122290034582,7.330915610075046,99.50883734147811,1.1691624734004566,16884.758754116203,357214.35678827984,Mediumfamilycar,0.38978641909473255,6,1991
1991-07-31,1,7334,55233.197079578764,8.374327654325205,97.59144212304591,0.9044554472554297,24022.837789912657,147147.83089695644,Mediumfamilycar,0.5819911391215284,7,1991
1991-08-31,1,10332,42748.701223729906,4.675821154356454,56.716967887838464,1.0783304528399849,20993.724165572865,277466.2607150815,Superminicar,0.40306248672282197,8,1991
1991-09-30,1,14837,43025.68702105348,5.575671687662684,50.607351081106096,0.9332190807251775,27574.39594042465,383226.47769078583,Executivecar,0.8740986210178855,9,1991
1991-10-31,1,16577,48115.16228957615,6.404843715439067,104.0107956824061,0.856445573877628,29921.190971100903,279465.6596621624,Executivecar,0.48033424636081723,10,1991
1991-11-30,1,10364,26627.976911653208,8.684581006872822,80.00948894839179,0.9538944047826331,34687.64003422629,293913.58239107917,Smallfamilycar,0.6557218737531626,11,1991
1991-12-31,1,14463,49342.261011738825,7.4776824481373065,110.93295444874232,1.0814020318089521,28060.200603323967,316318.959969247,Smallfamilycar,0.9608422047767436,12,1991
1992-01-31,0,11155,53363.472933230514,5.340326093039858,77.539330661442,1.1692708662465678,25010.83338361533,429967.6985831233,Superminicar,0.7723080040355695,1,1992
1992-02-29,0,6268,38201.93273454301,6.474505896230978,107.33119845473396,0.8669676442114294,38273.790373216005,431011.4205828966,Superminicar,0.5123956708698307,2,1992
1992-03-31,0,12738,39236.59535479931,9.540663853523004,111.410146057189,0.8486302171469587,20333.39708195144,350553.01535070885,Sports,0.9919114558341694,3,1992
1992-04-30,0,17897,57049.69376167791,3.2391685865017417,111.97794861057187,0.9257848608138135,34450.9207414783,496805.07069444953,Mediumfamilycar,0.5042194970803411,4,1992
1992-05-31,0,17852,32480.389548770483,7.737211714086262,64.09407618495874,0.9842498178484005,23286.65195740547,401525.32726386975,Superminicar,0.5617868322062497,5,1992
1992-06-30,0,11271,58737.96966258696,8.201901003225085,106.89901050318105,1.0789200955963927,36499.90198661994,129010.37269889706,Mediumfamilycar,0.625477703379751,6,1992
1992-07-31,0,6588,28788.85427743652,8.765522489291909,87.79967104006708,1.1091898545680277,33581.28514696202,389693.5870085535,Sports,0.49647737352821153,7,1992
1992-08-31,0,19246,34782.35291082048,6.3608726806224425,61.97019248977378,0.8489672641473803,22077.700604065838,268630.25102741306,Executivecar,0.7830477502330901,8,1992
1992-09-30,0,16718,22087.687772004443,5.107687833164073,101.49004734794464,0.8407266498930287,21727.52713902179,342598.19169898995,Mediumfamilycar,0.382383886615963,9,1992
1992-10-31,0,17730,22504.252538943318,3.332879179546314,90.67224925994228,0.8939004743737992,26354.662631489125,284003.7648196244,Smallfamilycar,0.32461927184385725,10,1992
1992-11-30,0,9726,32447.471218660023,6.7666278454484265,95.55986299910604,0.9506937997160765,33136.82729754156,489987.52774789114,Mediumfamilycar,0.1350315607790294,11,1992
1992-12-31,0,14534,53608.74637867925,8.549220697918475,52.98000089776769,0.8914567654211774,15857.434027835394,222330.2986233817,Superminicar,0.37912442419429404,12,1992
1993-01-31,0,5720,29051.83620740401,8.434686395007013,57.7608900735448,0.977560966560419,33273.120553431436,496437.5412669495,Smallfamilycar,0.7046904513042859,1,1993
1993-02-28,0,13465,42234.25029944828,4.009769877613076,94.15849324874014,1.1676707085194655,27848.20683944023,339464.273513032,Superminicar,0.4273694124227918,2,1993
1993-03-31,0,9800,59444.86807052346,7.205916474573674,60.929111955221046,1.096648768197058,27811.10028643003,112928.3026053793,Smallfamilycar,0.20795324630816425,3,1993
1993-04-30,0,18482,26659.04820300244,5.796752104898715,118.90769111880434,1.0502797950707792,34346.34070147134,121294.40288669203,Mediumfamilycar,0.7536691000033838,4,1993
1993-05-31,0,13021,47017.31146261138,8.198707700247262,95.31132307221141,0.9727638619791446,29617.509690976534,155270.92621345483,Superminicar,0.8537022066697272,5,1993
1993-06-30,0,8784,25406.980722096036,7.039202903802045,108.98828321322138,1.0995994256969928,32192.352500371017,493728.9537680075,Sports,0.8177215302048834,6,1993
1993-07-31,0,12572,41347.245056901855,6.129588073375585,105.26672119943026,1.1908684392404294,36466.17105717573,178040.3607657284,Executivecar,0.551121354563427,7,1993
1993-08-31,0,16802,24858.22637640002,3.5914476685307415,98.61282704700741,0.9371615275283572,22914.28553163131,313237.3493804672,Sports,0.6880858333918138,8,1993
1993-09-30,0,5458,29181.058060106767,3.0565518554196762,75.97527027342876,1.006338762991271,17405.183746454393,251557.9681007505,Sports,0.8070184885545525,9,1993
1993-10-31,0,8035,54338.400116022756,7.382987483093967,74.7219292371219,1.1573143450076546,17321.892401763773,498790.5521412086,Superminicar,0.8451811717787823,10,1993
1993-11-30,0,6483,38088.61454888563,4.446246920878794,113.9361822926807,0.8344116714051678,21449.306135477716,135251.7684029814,Smallfamilycar,0.6688677010274018,11,1993
1993-12-31,0,11507,40519.67743481758,3.1093772979183822,83.1511162888683,1.027076997483717,38237.44716439757,427225.2538167927,Executivecar,0.2690172288302146,12,1993
1994-01-31,0,12426,47464.41058092754,7.960616390674629,106.09208917393357,0.8366925194907111,39284.32085424254,311755.12310444366,Smallfamilycar,0.7245050998344696,1,1994
1994-02-28,0,13369,48257.408598038004,8.417150864113527,81.59138352522575,1.163340303031227,37488.863631582106,348422.51576154504,Executivecar,0.9575334503354613,2,1994
1994-03-31,0,14712,36382.52852424824,5.1346061022420315,114.88491338917343,0.9284010758977672,17215.924376397386,232145.73891736782,Sports,0.5046886550833953,3,1994
1994-04-30,0,16435,42344.68489386304,5.0956178057542605,58.32378592313912,0.8090547652410097,22600.5909048733,254292.58427530824,Sports,0.30175725499058725,4,1994
1994-05-31,0,10897,41702.73751115531,3.1771967766595073,67.22236701025565,0.9833681914391076,38159.769829079865,261989.69513682937,Superminicar,0.18161388341399765,5,1994
1994-06-30,0,6415,37370.008787588245,8.437151426538502,79.41064632810595,0.8594727067614218,33136.11995839664,123071.69252593897,Smallfamilycar,0.15565631229543084,6,1994
1994-07-31,0,13477,34661.173998317965,7.12446425373734,72.03989810046947,0.874879959790994,33849.99578967859,356664.7529322777,Sports,0.3421824291941922,7,1994
1994-08-31,0,16182,33534.5776626863,5.281253079465998,63.97967506985151,1.1069460217305815,26714.035438030332,397998.69696824305,Mediumfamilycar,0.21000005821935655,8,1994
1994-09-30,0,18144,56193.77988729821,3.8155245657119536,110.09269701178044,1.1225935313939084,26102.017222930357,123329.93605230804,Mediumfamilycar,0.879137692407477,9,1994
1994-10-31,0,8617,21023.519905525733,5.235367219541993,84.64124583469945,0.9284466235887734,20105.96510667813,329628.83125566004,Mediumfamilycar,0.3483224688259289,10,1994
1994-11-30,0,12652,56956.581510392156,5.101537981190226,55.079072239594254,0.8695945368186296,35726.48283423758,391041.1012295427,Smallfamilycar,0.25423921472525873,11,1994
1994-12-31,0,12265,46024.58557636323,8.812898141055976,87.6115056632882,0.884209635378641,20025.890830462846,297900.58312431816,Sports,0.8018739591009835,12,1994
1995-01-31,0,18050,58961.2206622644,9.47381836185087,77.77462847943112,0.9188382300352109,35112.8223993647,110348.25292747832,Sports,0.8076467207189645,1,1995
1995-02-28,0,16338,43948.972326194795,7.075706839699622,119.33358697187316,1.109624018113853,36646.98328718471,395822.72183793626,Executivecar,0.5213023792233685,2,1995
1995-03-31,0,14170,51752.44565188346,3.365988303293617,115.31661585830292,0.9095866844701918,27557.27724232011,289337.4395289757,Mediumfamilycar,0.57165890544096,3,1995
1995-04-30,0,15832,30463.611790540534,5.276037709957823,76.00691745228015,0.9256746463200185,31036.765797507876,323074.8709312604,Sports,0.3699972169857695,4,1995
1995-05-31,0,11662,49921.569893025866,7.69620871599043,76.84846038688354,1.0331678457429896,31347.530665028662,394290.6400846435,Mediumfamilycar,0.7042335987354122,5,1995
1995-06-30,0,19634,48127.472001460636,5.8705365400766985,96.30521083704176,0.964370622399916,18217.810196367576,239921.8283516009,Smallfamilycar,0.9026965693812466,6,1995
1995-07-31,0,16015,37986.79524428123,7.336560069440091,96.76265249013602,1.1155528922671891,17326.341317332113,340494.0477388677,Sports,0.3772064031558846,7,1995
1995-08-31,0,10395,47529.00403894855,6.651946253322178,117.96008404043661,1.1267627911578368,38581.931783740714,355132.73389586265,Mediumfamilycar,0.37671942382487633,8,1995
1995-09-30,0,15650,40971.81550573236,3.0204231408847075,118.46369745155859,0.8885996311832763,20975.807944419874,109784.64821857213,Smallfamilycar,0.18307757040970926,9,1995
1995-10-31,0,19678,34670.28912236368,4.352505519475079,116.8877776825492,1.0879867979793736,39795.22907230025,213568.84146364703,Sports,0.9885688551988057,10,1995
1995-11-30,0,10280,31370.817417069495,6.4444931589758525,113.33764717908552,1.0985194983329383,39706.483076128745,352049.1014064142,Sports,0.4705979361866929,11,1995
1995-12-31,0,9881,48398.99742561341,8.874571892163413,86.8430912973175,0.9617543279772618,37385.96759866923,403668.03561732575,Superminicar,0.8595211509298408,12,1995
1996-01-31,0,9788,27102.12194971281,8.986292296758014,113.86256470355889,0.9194859121211079,35182.05297385913,131526.7157658994,Executivecar,0.3501983226559132,1,1996
1996-02-29,0,7212,29605.592053830907,4.272939246517138,95.96926222376688,1.1021607683717427,36171.6993507837,314526.1008927286,Mediumfamilycar,0.31538685093933866,2,1996
1996-03-31,0,11830,48585.06761512447,9.3893925112907,77.19076659543383,1.0742708181781455,17400.717469498773,307993.1559404909,Smallfamilycar,0.5929009541120773,3,1996
1996-04-30,0,8380,45891.704703032694,7.119827366704206,117.721575766552,0.8719998164215474,39496.17223587007,270706.21821237134,Sports,0.7744252785314325,4,1996
1996-05-31,0,15373,34295.13530274626,9.041315606329047,69.82917125649543,0.9604748366002478,33269.773327918505,172295.72825941144,Executivecar,0.8105268628070937,5,1996
1996-06-30,0,9498,22393.0895241435,5.648282677963464,97.23125196093426,0.8735837038483627,32894.31073553173,209574.8324097779,Sports,0.9022566610883818,6,1996
1996-07-31,0,10586,22865.60490507823,6.872555982564695,74.02776292710674,1.0342078056261328,35556.33423676503,106106.05445688535,Executivecar,0.3983667362177483,7,1996
1996-08-31,0,13098,35102.357517023825,8.192667550113729,53.913704800756825,0.885923931525652,39437.813451096474,237851.23437990661,Mediumfamilycar,0.769238068875801,8,1996
1996-09-30,0,9262,26568.829633218524,9.123955785965853,86.09738290576801,1.1617845774057107,39318.44934653239,119897.75164023918,Superminicar,0.9888679224712325,9,1996
1996-10-31,0,13658,40218.541628650164,4.943599217913201,100.22208254803974,0.8544109428348148,36250.13962305515,240916.80973702666,Mediumfamilycar,0.8048962489705705,10,1996
1996-11-30,0,12239,28144.25255669215,6.096540892178011,96.31692948053251,1.1648133140662278,23394.674665936658,419760.3535505875,Superminicar,0.4069579355075986,11,1996
1996-12-31,0,8458,22911.361503736887,5.589818257748256,61.827641678041985,1.0413047612177455,32617.934110000057,379998.9466377782,Sports,0.12527253296760973,12,1996
1997-01-31,0,9131,46556.081391975604,3.320753516006783,115.03287622226331,0.9021607933345631,39517.55288187627,115854.91518077218,Superminicar,0.9278056852501806,1,1997
1997-02-28,0,6236,56270.7698996869,5.41697883738552,71.27997635347967,1.0446455940110635,34918.87425225508,347300.85695419746,Sports,0.14488346107866873,2,1997
1997-03-31,0,7237,58523.65352665095,3.414543388598503,83.03997637226533,1.0339456488234973,28219.725590967937,310301.8085225072,Smallfamilycar,0.7603562889294102,3,1997
1997-04-30,0,12161,33109.6895458259,3.1345305543567177,107.57537811402963,1.1048560626699087,20068.23639137211,238678.67903233538,Mediumfamilycar,0.8513330716577159,4,1997
1997-05-31,0,18560,29035.267557072668,7.811156625950442,96.45526073762977,0.9394665715669532,23321.662591614622,277617.2856257591,Sports,0.670881975230305,5,1997
1997-06-30,0,13875,35063.876324330835,7.713906900286755,59.105584362845796,0.9725644853832233,17556.73102761188,394747.5706191685,Sports,0.7190354735728319,6,1997
1997-07-31,0,15685,37838.195349336704,8.949634888409562,64.48565970950634,1.0669588595710267,19203.63838474154,226123.36122641288,Superminicar,0.5747915235679656,7,1997
1997-08-31,0,19678,50348.45437781628,8.13294048774518,92.50708915730453,1.138274208823626,16204.392882757422,456970.6846578796,Superminicar,0.5560716224295368,8,1997
1997-09-30,0,12257,21108.989787355727,6.898760572105356,78.43378679350019,0.985469045296309,15918.024717159624,422330.29846145876,Executivecar,0.39010634696273194,9,1997
1997-10-31,0,14319,24686.5554922625,7.1425088066701825,76.89797091180439,1.0659819548305554,37047.56895441431,442108.41387214884,Superminicar,0.8304952864802616,10,1997
1997-11-30,0,8075,52399.71300678909,4.350875713856013,70.38506064745546,1.137796543915242,15867.927914788444,192806.48564926887,Smallfamilycar,0.39422546910056355,11,1997
1997-12-31,0,12047,53173.57719091583,3.1532643263010245,65.49393560825192,0.9747550560539059,29379.811480992244,277293.81277051073,Mediumfamilycar,0.33287185726621527,12,1997
1998-01-31,0,11847,45619.04510725419,3.1639502501540546,54.894794801275175,0.812721050089241,24823.623923904044,436741.1771908904,Mediumfamilycar,0.7658923812526446,1,1998
1998-02-28,0,7294,31237.950676137618,7.260286901468313,94.60141651845001,0.8473050392926318,17878.713256317,371900.1734210781,Sports,0.41059787660149827,2,1998
1998-03-31,0,12715,46377.32332659229,4.137337338060924,77.32816342785246,1.1315084647418947,37706.57829745673,388688.40583688236,Mediumfamilycar,0.42546552585284914,3,1998
1998-04-30,0,18426,44742.97942963715,5.3212556424779365,89.07123961701413,0.830051730734852,17051.512077822317,321389.5588516393,Sports,0.17005591432791312,4,1998
1998-05-31,0,18874,26115.48766573063,6.409823318704487,50.934368620848645,0.9152399748167677,39018.93936175469,165278.48835717296,Superminicar,0.5562760921188873,5,1998
1998-06-30,0,10228,26443.950604419788,6.940929387705393,54.3879889087825,0.9107855678563189,36796.05112392972,280158.92505205114,Executivecar,0.32242418676168316,6,1998
1998-07-31,0,12530,38259.03220136794,3.126215770382508,62.230356407155206,0.9426235911009919,25235.937839867118,192626.014116619,Sports,0.25514814429768273,7,1998
1998-08-31,0,6397,45748.8975230347,5.71150279276095,96.93126490170856,1.1437184162902794,15255.980764677288,225396.10299063427,Mediumfamilycar,0.24724029373047202,8,1998
1998-09-30,0,19109,59564.102437166155,5.438344036592851,99.7655004489539,0.9088432152671925,21669.17585204354,312717.43391991244,Superminicar,0.5142493576065804,9,1998
1998-10-31,0,17540,21039.757437326174,7.640390356595611,103.34165366882252,1.1630490259477186,17329.820532964237,375534.07527869195,Sports,0.11237992553319015,10,1998
1998-11-30,0,6983,45105.141825096856,8.019029517635177,93.73798718427592,1.184794973983859,26442.1887506185,235328.58211951682,Executivecar,0.8118165949317744,11,1998
1998-12-31,0,16297,22096.26620741484,3.400789917498739,76.54272106600435,1.1055428759727295,15936.084804539314,322400.4189389527,Mediumfamilycar,0.48692382253282607,12,1998
1999-01-31,0,13203,51065.931069611426,8.149249919942882,69.30462942036549,1.0949687974344309,23610.645741056745,263645.2928755151,Smallfamilycar,0.9059140806243945,1,1999
1999-02-28,0,18405,24727.940167606288,5.059379451427137,107.33709415793138,0.982117314841097,30261.93808337574,295015.6396374935,Smallfamilycar,0.21804557309083025,2,1999
1999-03-31,0,5084,33701.29152023564,5.133301671263619,98.1875990994592,1.0892101167185224,16566.01961169271,489162.3990416139,Executivecar,0.2946138322845778,3,1999
1999-04-30,0,14492,31179.162287680098,3.0684860737073207,70.74590709786573,0.8819486502422452,24838.9741545939,157373.37082524042,Smallfamilycar,0.23256925306946138,4,1999
1999-05-31,0,10575,30387.258672173404,3.572480893111521,92.72300823365237,1.1223724775177895,18799.024440104404,441491.30844061874,Smallfamilycar,0.7140574541986944,5,1999
1999-06-30,0,17599,48692.463508223955,8.715523289996264,60.27922998248157,0.8479653180725311,39875.18039250266,309356.9877132006,Executivecar,0.2636991589691394,6,1999
1999-07-31,0,19575,36394.98799945046,9.277081088025215,109.7623455472063,0.8578319046575991,35673.073392701335,411398.91890547966,Sports,0.478282623272945,7,1999
1999-08-31,0,14244,58173.69592367251,8.140157578802611,85.65210245183658,0.9449497437844813,32651.876457470888,485818.0927463379,Sports,0.24433455631645962,8,1999
1999-09-30,0,11342,55176.246184734235,5.371894933321972,106.7693367915396,1.1493579131822989,20090.017678307053,164986.68617389552,Executivecar,0.6424923300935876,9,1999
1999-10-31,0,18468,30278.67996040974,8.997853022303238,106.16612431306325,1.054717361226996,35512.45095370455,348690.4180550184,Mediumfamilycar,0.9734609187041652,10,1999
1999-11-30,0,18591,20243.441155431952,7.823774989383933,84.65795155931409,0.843960798065605,36954.77389627253,406257.1538140752,Executivecar,0.9384773401636609,11,1999
1999-12-31,0,12355,27389.615929588086,6.447235801138834,51.34610843296924,0.8048316005545836,15498.122300135095,171507.06331658113,Sports,0.1073073435110613,12,1999
2000-01-31,1,5130,31428.76648406201,7.4523667307129395,53.534585852476006,1.156438570668661,34142.84310306818,270451.96159866906,Executivecar,0.10887397771153401,1,2000
2000-02-29,1,5596,53691.30154693877,3.4908799926873617,55.43812687704089,1.0044823685966187,20798.2325608269,404692.3929164928,Sports,0.11854388928485964,2,2000
2000-03-31,1,18347,42909.736156770145,3.87940143775337,59.32318973073137,1.1738418012852052,34328.47221547821,162866.58025760166,Smallfamilycar,0.8019996270406174,3,2000
2000-04-30,1,7710,49091.51346792588,8.01887005424753,77.54675225440188,1.1220677124204466,20606.28788227195,166826.47370886977,Mediumfamilycar,0.864248455222039,4,2000
2000-05-31,1,18995,36698.869156974295,5.7600767659779315,78.27666088522413,0.9816556697947717,36335.31494499673,419198.76765610115,Executivecar,0.6351243441588247,5,2000
2000-06-30,1,16558,44846.91780588341,5.322497726907109,108.26140744046427,1.0276131998163558,23028.15374662119,154506.2196544907,Mediumfamilycar,0.5145971049662554,6,2000
2000-07-31,1,11868,29858.566846886002,6.30381076427998,63.63093727998551,1.0516263604400549,37726.0639790984,360114.4932950032,Smallfamilycar,0.5062349674621883,7,2000
2000-08-31,1,17984,20734.63272552943,5.848636771018295,60.723576611355966,1.1789856584232736,33607.73225846596,134803.13148133768,Superminicar,0.44941729533384134,8,2000
2000-09-30,1,7555,55090.540199814815,8.21449738679162,78.32761005059696,1.0595224605595646,33117.38009118674,257598.37115923534,Executivecar,0.14619718545115953,9,2000
2000-10-31,1,19054,31367.577715378113,3.108858777215736,101.27304796623294,1.0461152505661486,37271.86740189412,207768.58263273872,Superminicar,0.47805481781925707,10,2000
2000-11-30,1,17771,56723.28973168934,3.655245305522749,63.40208012397251,1.158072471554569,23698.752274880284,441150.0223792905,Mediumfamilycar,0.4056190159084524,11,2000
2000-12-31,1,5989,42238.6043334038,7.71320348295099,115.08000114555523,0.8851151413543967,29229.280059384015,206927.3348898313,Smallfamilycar,0.9942682063701042,12,2000
2001-01-31,1,19805,32743.681658222587,3.8812748737977683,107.0741743707814,1.0896340655143868,27657.482089618097,284133.2993388201,Smallfamilycar,0.42983609473155426,1,2001
2001-02-28,1,12805,47680.286840852845,4.344534150166813,106.42740631661107,1.1705127333480774,39224.025821226984,487463.31609259034,Sports,0.41783680810337764,2,2001
2001-03-31,1,14105,48210.628252714276,3.0417295447845563,59.218386442911964,0.9062729469263212,19394.537717042505,434441.5250821453,Smallfamilycar,0.5020570748755493,3,2001
2001-04-30,1,9062,42994.20678990062,8.526075468757986,62.726872915835806,1.0904653734000993,34939.16689745053,424417.2623242275,Mediumfamilycar,0.6773076138989603,4,2001
2001-05-31,1,8954,57192.31927874685,7.825434288271949,93.53352490033726,1.1313843384158737,18700.855201426893,346053.8909101251,Smallfamilycar,0.8665340633390495,5,2001
2001-06-30,1,9817,31962.356314809585,9.699559711669913,84.59652444750837,1.103781474066454,35632.85997338329,290027.4419673964,Executivecar,0.4908388729623888,6,2001
2001-07-31,1,15696,40634.05831244923,9.873451169653485,82.6267734055078,0.820276126250753,18264.005600361164,113405.63951654156,Mediumfamilycar,0.9352007292506196,7,2001
2001-08-31,1,7032,25383.0782774571,5.145284142770411,71.70782685081917,1.02934217654374,16975.744010964176,291168.9046228507,Superminicar,0.33493768756741626,8,2001
2001-09-30,1,6039,35787.88975116719,8.518444338446665,95.90294159277948,0.8658810183434862,19001.658328273556,284311.2896809664,Executivecar,0.723517674405242,9,2001
2001-10-31,1,18999,20244.49908717448,3.19782401364388,110.66630775974258,0.965336368424504,16607.412443776466,326965.4481970167,Executivecar,0.8471528603817985,10,2001
2001-11-30,1,8144,43823.8070735748,6.588956208871815,84.68989336516569,0.9093308372025183,38153.716646120396,425362.7285462018,Executivecar,0.9526717358173915,11,2001
2001-12-31,1,7180,41480.45003503028,7.537410762545352,100.98103191004401,1.0932316211892001,22313.578213091016,461552.2123094169,Executivecar,0.4025577244694414,12,2001
2002-01-31,0,13681,39175.160915183216,5.208303965050075,107.52273847385287,0.9681265480272547,36374.22903381311,138666.85361340042,Smallfamilycar,0.5511920364746556,1,2002
2002-02-28,0,8064,20480.843104173164,7.217248116597396,104.5331012372532,0.8866288813226242,37997.318063662,227513.32166902363,Executivecar,0.7092013290696597,2,2002
2002-03-31,0,17818,32943.32217638281,5.315893659297725,66.63904904894798,0.8704774128378864,19687.28427758557,235667.49549726018,Executivecar,0.8585569352914966,3,2002
2002-04-30,0,15664,38968.753687906836,9.735691862047911,75.20211613465617,0.9092809009798449,38974.07228085464,273431.56799251586,Mediumfamilycar,0.2396840228397921,4,2002
2002-05-31,0,18419,50165.842627026475,5.963269284921534,87.95742242588395,1.183702589367344,27812.639134896872,195927.85003032067,Executivecar,0.8432786103346709,5,2002
2002-06-30,0,11593,20799.36426666403,9.658131234174714,73.35236472501806,1.105548806806221,19520.24638486011,217907.44907385367,Smallfamilycar,0.3237658066850798,6,2002
2002-07-31,0,7558,53866.58416514554,8.257589507972781,115.08038169513914,1.0016672798840285,35476.49364477653,493950.70438121154,Superminicar,0.4243060848440554,7,2002
2002-08-31,0,6528,30446.127428722277,4.576141204340726,115.65617768529988,0.8203628447337967,21500.48528361716,432684.1186802818,Executivecar,0.8326719105106636,8,2002
2002-09-30,0,8424,20302.761433972788,4.0735807568235085,99.81647616681207,0.9116668885204766,15120.468507545113,142312.58848332136,Smallfamilycar,0.4173925580077945,9,2002
2002-10-31,0,8028,42159.51598905935,5.212312657687273,93.25876517655826,0.8525484159562954,20010.90714022996,113483.34150632651,Smallfamilycar,0.21400369094959998,10,2002
2002-11-30,0,15412,51469.31096115535,4.3059161482037736,91.61630768112583,1.1188635846853257,26090.77243224401,394089.69641776214,Smallfamilycar,0.9133092773504824,11,2002
2002-12-31,0,10749,35169.51881238313,5.920808486140807,71.9253184090745,0.8439057806487885,32296.55777982306,206950.523599539,Executivecar,0.8262067212886514,12,2002
2003-01-31,0,16596,21980.542005899875,6.962050352344974,57.89586837663229,1.0417959250073308,17878.2875153722,102516.82066013083,Smallfamilycar,0.7222871623579263,1,2003
2003-02-28,0,14269,43973.49931837321,7.682939841300191,111.98931195061041,1.0564203427546186,19690.35397165171,332812.3952524299,Executivecar,0.9925322928879389,2,2003
2003-03-31,0,14045,38454.34549258869,8.949029061314503,91.11593207810598,0.9545726782404419,18761.47340985854,220250.1068673005,Sports,0.9037244395422517,3,2003
2003-04-30,0,16708,51478.55210415642,5.061087705266006,57.84043433357226,1.0053983538986064,24538.342097274737,314703.4442387689,Superminicar,0.9575612382763775,4,2003
2003-05-31,0,6163,34067.01538549749,3.305245275635488,67.40779967310925,0.8956882444196694,32651.808912205775,247579.881508381,Smallfamilycar,0.11218459130186616,5,2003
2003-06-30,0,15469,55350.108702526864,3.7983712307523336,56.43666366984257,1.1400997748682293,38438.534633245756,273251.6715937893,Executivecar,0.852119993154754,6,2003
2003-07-31,0,14422,34880.67239361654,6.957079728209115,54.74676261691218,1.0729168168842316,20914.34449591089,229289.46286418123,Executivecar,0.8036674813639055,7,2003
2003-08-31,0,12209,31748.556383661653,8.084889105618512,114.17566681648027,1.0040658153619195,16067.467769853367,341884.8777922654,Sports,0.4139813976845026,8,2003
2003-09-30,0,5238,42756.03436646199,8.245512765013434,88.40316414523748,1.1979832832118853,29577.22800212508,435519.46017105674,Smallfamilycar,0.3540962060387466,9,2003
2003-10-31,0,19916,45782.3224259811,8.108292133309481,76.5851839369556,0.8846098081772598,16103.499718096435,269266.4490814095,Sports,0.21415288744351263,10,2003
2003-11-30,0,13801,57493.51071375535,6.260581182101866,72.74621008883726,1.0718067682642642,29627.26085267702,350807.2761493393,Mediumfamilycar,0.6149742285685899,11,2003
2003-12-31,0,6228,24035.802878369257,3.2349547256897706,59.357175842207404,1.0984877576125731,25184.92929711137,161012.0712779415,Executivecar,0.6759011272409434,12,2003
2004-01-31,0,12051,26557.903507362746,9.345379734133557,84.76283319377026,0.8073261197055703,26129.740461254547,136499.5153132099,Superminicar,0.1479365980176654,1,2004
2004-02-29,0,16005,51741.7723310806,4.6465504654476675,109.13085679108903,0.8506028934014569,23872.16549251347,321144.81612521515,Mediumfamilycar,0.6297318078510881,2,2004
2004-03-31,0,15751,56275.85775946603,4.180589352789704,119.63318705402945,1.004555820140746,21366.725941721237,341046.0497778773,Superminicar,0.8465489656180213,3,2004
2004-04-30,0,17446,47855.240347563486,9.679962126714432,87.92295225526195,1.0068654082464996,31171.82449237239,476374.1907584663,Smallfamilycar,0.3260092554845064,4,2004
2004-05-31,0,6963,36613.38871358099,6.533514833335703,61.75755178774723,0.8915592402749217,31739.547578020818,128130.48263986388,Smallfamilycar,0.8452452312866898,5,2004
2004-06-30,0,17947,37653.17947240091,6.219799958204983,97.37976618631417,0.9093506545312043,39847.16436769463,467327.5395020865,Smallfamilycar,0.41370657142736655,6,2004
2004-07-31,0,19538,26021.321281578617,3.0858563529907475,59.23767831974924,0.8110812757800301,20162.356277318835,388690.26075073,Smallfamilycar,0.33710273177504013,7,2004
2004-08-31,0,12940,59027.818230921985,8.14697331602397,93.79827841171439,0.9151548210078543,31478.044106233898,386891.6163626896,Executivecar,0.9880688753881486,8,2004
2004-09-30,0,11974,40943.0408575717,8.762844047668928,97.71526664795505,0.9363384574357663,15754.650811638783,274197.3570839511,Mediumfamilycar,0.31988461291207315,9,2004
2004-10-31,0,8552,23243.977121660464,4.744892281360492,118.79597199688632,1.0918896696924218,26783.859732077435,276331.47477687005,Smallfamilycar,0.1803473137242046,10,2004
2004-11-30,0,7705,36333.42178728171,9.286813190478249,64.6527482116324,0.9739830385931235,37557.44837427628,345629.41274264175,Executivecar,0.6948730982725466,11,2004
2004-12-31,0,15103,52651.061620422624,5.81390371285971,57.040389218950054,0.8925483956317328,34523.9747933943,111624.65569968373,Smallfamilycar,0.16060014712956006,12,2004
2005-01-31,0,19273,36480.919679743005,8.250661081468387,60.18154971640518,1.0812267232451251,25877.60940131318,244730.16302695134,Executivecar,0.18084758291811895,1,2005
2005-02-28,0,14036,59152.73836942339,6.775103727167279,113.26278680805359,1.1869761728405845,24328.472913036247,246269.29661358416,Executivecar,0.986668055883493,2,2005
2005-03-31,0,7983,37467.842123579336,5.870260838563194,88.49352991236779,0.830604666083401,18829.85909133824,351082.85878044635,Sports,0.18563145286169608,3,2005
2005-04-30,0,8959,49075.59976588977,6.383032712283708,66.64953636449918,1.0000681205359585,23870.350051360987,199584.90552655922,Smallfamilycar,0.28531420658606543,4,2005
2005-05-31,0,6789,33765.05448560868,4.364104579459992,78.27365874183536,0.8918611055585814,24978.377754983136,153674.18114816202,Smallfamilycar,0.481176190730207,5,2005
2005-06-30,0,7926,21879.849488726217,9.701421116384513,99.01873911708525,1.0877936198390796,20514.512831920925,453286.60033375915,Smallfamilycar,0.5278679724776542,6,2005
2005-07-31,0,18637,30273.07862703828,7.6165552856148935,100.86921453616169,1.0348641223875255,28959.0856980346,237273.3031431186,Superminicar,0.1363519251365605,7,2005
2005-08-31,0,15710,36478.865071030115,4.168279917363755,115.19833577094879,0.9946307532271428,21906.051287078386,316670.7794835402,Executivecar,0.8734659076676853,8,2005
2005-09-30,0,6839,53853.76177684922,6.516907406578192,78.21944824099556,0.9743294182360459,21951.84804137497,342884.5178739759,Smallfamilycar,0.41915040277071036,9,2005
2005-10-31,0,14653,26904.421163251343,7.785133554512319,71.62579758350702,1.099484289728482,33357.93542605858,408649.8282076743,Executivecar,0.8327508664215632,10,2005
2005-11-30,0,11854,42417.93519524725,9.503945291365856,117.60893684725811,1.1636035786915664,22077.651417567147,251491.79314436152,Sports,0.5847741956209768,11,2005
2005-12-31,0,9391,23940.523989294168,9.170324143976208,56.92605407331448,0.8076962567328563,20232.00566392181,150267.7546952785,Mediumfamilycar,0.6556821325955714,12,2005
2006-01-31,0,19432,26724.145704838935,9.925284563149605,108.29205474576894,0.8695301356453226,25823.176974846392,381664.63027801656,Mediumfamilycar,0.22988204904217518,1,2006
2006-02-28,0,15512,31318.289598690193,7.5381570653534915,70.79862624617579,0.8123216054409805,15191.367882016719,343377.16125347547,Smallfamilycar,0.6644639664333533,2,2006
2006-03-31,0,11614,25267.68749386618,6.315916662497597,53.485158948835995,1.0332939795410607,29695.91340781518,260573.0141026975,Sports,0.6759305159782681,3,2006
2006-04-30,0,15297,40054.31646004855,7.727332820951356,72.51746280534698,1.1465437778951713,29904.80193407382,128272.96535657941,Mediumfamilycar,0.9433728588978276,4,2006
2006-05-31,0,5007,27489.195969670913,9.466577575697585,59.688111464848035,0.8558875490011035,16014.722313038641,223648.53055967466,Smallfamilycar,0.28985932560828226,5,2006
2006-06-30,0,16438,32312.282551030763,5.47051698894889,76.267520000111,1.1846066176349053,25974.641541916673,377581.8637565794,Mediumfamilycar,0.33869880786405215,6,2006
2006-07-31,0,16283,44948.62766349403,8.650919884458537,60.24033538235282,1.0080337643459165,16339.995479041287,322638.0374850743,Executivecar,0.2730118606710037,7,2006
2006-08-31,0,10159,23239.959543431116,9.21138396371696,56.13360790261043,0.9049110920044237,20515.625494750533,458467.7400070995,Mediumfamilycar,0.5259533618810303,8,2006
2006-09-30,0,7018,46388.25604892307,6.331311379409154,60.188480220144825,1.0877688363983604,32962.185754148304,335140.98234274687,Superminicar,0.6250412618538327,9,2006
2006-10-31,0,11121,39404.11082125051,6.290758088741538,100.77275282906592,0.8843735692235707,29899.264906026383,168020.79154401447,Sports,0.5488138369665218,10,2006
2006-11-30,0,12319,42274.73177763622,3.0989710836276494,117.11279614584522,0.972511094308392,30695.233072456467,185205.9291292027,Superminicar,0.15511917706511966,11,2006
2006-12-31,0,15305,36153.50980209317,6.335747488220643,71.3597979983229,1.0996367416046926,27659.52922523878,184260.96397816512,Sports,0.3024583358959543,12,2006
2007-01-31,0,18051,26679.59568556166,9.759868815066216,63.23055631954457,0.9022500524153433,17873.73144482458,425512.2242438211,Superminicar,0.4661993766987902,1,2007
2007-02-28,0,5924,58582.56104995952,7.963653712125328,112.10582910586936,1.145079636528662,34851.48640485808,220998.43674696266,Sports,0.5430258699226139,2,2007
2007-03-31,0,5812,57767.38947696145,5.995174544632604,51.13212604318753,1.1594141098835105,20332.788267518117,195700.29129309498,Sports,0.5869880125033554,3,2007
2007-04-30,0,18181,37493.64336425775,3.970547413491251,105.35285349693112,1.0431900628506077,17611.22439651219,162938.58279401987,Superminicar,0.8038114685966679,4,2007
2007-05-31,0,16696,35798.92238180125,6.377639824095279,53.97705483510605,1.1506832355589076,38961.255874187234,466950.0304406543,Sports,0.19042953729993722,5,2007
2007-06-30,0,6714,40029.67710145809,5.158178149813074,118.11297308255934,1.1023427024655035,20426.64823298395,459793.1159007614,Sports,0.2940440300678396,6,2007
2007-07-31,0,10950,33487.76561670717,9.050775215657449,58.238807478378156,1.1282770335184111,30772.254171397,356354.75465016207,Mediumfamilycar,0.6163027726647878,7,2007
2007-08-31,0,6200,57760.58138079096,4.760468895516657,89.06092675152027,1.1407860472557088,32484.249415226226,154794.32682640752,Superminicar,0.22339792438519035,8,2007
2007-09-30,0,6999,50802.39684572932,7.262580856673289,77.86000610657865,1.0974846704282823,24957.527003295258,352579.83058298606,Executivecar,0.6792995833852764,9,2007
2007-10-31,0,8212,51585.729985954866,4.675360525406381,73.6147443442809,0.9575510590934768,37191.171559355935,110607.66056052102,Executivecar,0.1986889513193828,10,2007
2007-11-30,0,9742,44138.51529007175,6.0119651708057145,86.49541469031722,1.12344840668903,37032.377167859304,403409.05253736745,Sports,0.5856843518280049,11,2007
2007-12-31,1,5990,30141.159845370712,8.591759430618966,80.61584756996363,1.0550257127911626,15429.012310326118,397673.1967280557,Sports,0.2020317400753292,12,2007
2008-01-31,1,12745,42815.720572883896,8.773500443752916,115.76427944949472,0.8300222652320202,34733.29913426355,293062.3137323407,Mediumfamilycar,0.1651013493859638,1,2008
2008-02-29,1,9429,53099.405176989836,3.197477388342766,116.00444735026628,1.0955554834157826,26657.31402015381,317086.83743280446,Smallfamilycar,0.9514743920377288,2,2008
2008-03-31,1,15857,29066.472518764524,5.920750627302866,76.48890442139682,0.9419281832457187,23038.75992367055,295435.3937500586,Executivecar,0.19573504182999107,3,2008
2008-04-30,1,11578,35751.70635903223,9.688310805716064,101.6206164217433,1.0111311839523596,35839.333849529576,152691.41915035594,Sports,0.6450746358652288,4,2008
2008-05-31,1,17469,28452.611984967407,8.208056257973672,81.37446023940731,1.0298458968258921,27830.00576421975,334051.2372779314,Superminicar,0.2296732412928642,5,2008
2008-06-30,1,17706,31612.49755917698,3.4728862000916836,105.85180400469022,1.1411128730901805,36344.5359758221,464437.48321489134,Superminicar,0.6192233824671042,6,2008
2008-07-31,1,8951,21016.719493038778,9.614805394800413,56.694028929612344,0.8015503261282726,39398.78602239919,439748.56071202504,Superminicar,0.9488105320209334,7,2008
2008-08-31,1,12748,21472.896263068506,6.372449037267738,88.56124409759204,1.1139587880862856,28101.128884985315,317524.1520615554,Sports,0.40697379897560737,8,2008
2008-09-30,1,8179,36363.506052974764,7.490522187493918,84.28482511876508,1.1484854373303837,27093.4900758598,247509.13430550505,Executivecar,0.1732494362753501,9,2008
2008-10-31,1,9967,42258.81528449198,7.009517219956288,105.25947488480818,0.8823359276214433,36518.354720832096,495436.98039575614,Mediumfamilycar,0.8535107979902126,10,2008
2008-11-30,1,5027,48809.66368294567,5.102047704154029,63.309049763804005,0.8768548624714907,27638.006787936665,483689.88504110806,Executivecar,0.20641102788994775,11,2008
2008-12-31,1,10090,57450.0199188299,3.7020319227089513,100.68355912368308,0.9292032860216569,31652.237202524073,119780.04121354631,Executivecar,0.41228642863418385,12,2008
2009-01-31,1,10710,31599.620239480508,8.506344359801563,95.4694162462674,1.1352972175162117,27052.89225898389,389165.4887209288,Executivecar,0.9972761756605398,1,2009
2009-02-28,1,8461,21266.663928498994,7.000450462485753,72.72249220494322,0.8307408159114177,33462.02463879748,433157.57143867185,Executivecar,0.39603336856587423,2,2009
2009-03-31,1,12277,37858.148968847956,8.035750119558937,114.12028229550805,1.0819013946021607,23387.823578341093,376035.4177233537,Mediumfamilycar,0.36284825717319036,3,2009
2009-04-30,1,16405,34822.29691300684,3.9048031711437665,85.22623884696227,0.9966167690123974,35896.78308588351,252774.56950924036,Executivecar,0.5135112151673339,4,2009
2009-05-31,1,9075,54361.84410023447,8.2144776978495,85.30210664764263,1.1741669365973575,20146.01169123629,177536.4900433597,Executivecar,0.5468683885125387,5,2009
2009-06-30,1,12654,32210.418289617315,7.58710201816397,58.36767343301847,0.8410535151641301,21449.87935617083,300604.97137634957,Executivecar,0.8713899441697414,6,2009
2009-07-31,0,10205,53121.5053539952,6.216472832122618,56.07465745847725,1.1379185877517788,36644.20738617632,199318.64680314547,Mediumfamilycar,0.31511136818414504,7,2009
2009-08-31,0,10111,21346.7296215151,4.926673422565889,101.91568726767238,1.1122855080317273,26250.015500835852,147247.46477858658,Smallfamilycar,0.37890278028722546,8,2009
2009-09-30,0,14101,47761.31769642126,3.117584980591916,53.99124072098824,0.8849051831580049,32547.667749745462,399857.75657720765,Smallfamilycar,0.9694317462318808,9,2009
2009-10-31,0,17482,30718.896019656306,3.880345457268559,112.19129882910312,1.0649663123433146,16659.70036256043,273118.5139733725,Mediumfamilycar,0.35303289677570115,10,2009
2009-11-30,0,14504,45527.95304855383,5.869698538523098,96.2067669382493,1.0246425992994106,16802.428234367955,272580.3775920223,Sports,0.590244902252169,11,2009
2009-12-31,0,11744,36203.73822329295,5.108845610438552,96.80103470558379,1.0007107381873113,21684.68019380425,440944.61414489895,Executivecar,0.3348297229002265,12,2009
2010-01-31,0,9939,40929.7978861894,7.845570501915332,91.96487257614083,0.8136369356255561,17404.623953556165,403808.2126770549,Smallfamilycar,0.5065990668591965,1,2010
2010-02-28,0,8620,35201.61709006419,9.08091906455716,82.08014367767092,1.09282122589652,30753.68608181153,477419.8532064859,Mediumfamilycar,0.753013390971279,2,2010
2010-03-31,0,19754,20814.075730082433,4.340102635637365,111.93055545964032,1.1230203782038195,19527.203916452938,366122.77612812363,Smallfamilycar,0.6195482116388548,3,2010
2010-04-30,0,17804,28477.220360720785,8.599138066856565,117.04678969578542,1.1586306885110922,33562.40548996143,460480.15133264044,Mediumfamilycar,0.8222784689947029,4,2010
2010-05-31,0,16232,34249.9707890585,8.489771539713203,78.91337364943544,0.8360998214123906,36396.628653783395,169149.73664934796,Smallfamilycar,0.615399529181166,5,2010
2010-06-30,0,5209,33703.56428497818,6.570889803653946,70.4281026460531,1.0022108326987476,15711.675086877467,453541.6162808349,Superminicar,0.2332857416058927,6,2010
2010-07-31,0,8789,44799.7287707941,6.385491853199891,70.03137624921975,1.1660834693554634,22939.71463105675,368664.3297563918,Sports,0.13856828813602443,7,2010
2010-08-31,0,12782,36956.70234514691,9.11828155710678,74.19703160648277,1.145368585129297,17947.19282783995,160301.23309249227,Superminicar,0.2838181323731065,8,2010
2010-09-30,0,16069,24605.557745665992,7.335590839715012,118.62685727977535,0.8568214275219228,29827.600927309373,279162.26008888957,Mediumfamilycar,0.6532710267185031,9,2010
2010-10-31,0,15961,27506.921366784005,5.41931078984975,58.764436758675615,1.0477993380591453,23174.403344098268,431252.7410561781,Executivecar,0.26748470905272465,10,2010
2010-11-30,0,18407,43030.62149071046,9.719908153365672,78.82396208405687,0.8009837480266995,36601.48975880159,253962.71744413333,Sports,0.7078744767226816,11,2010
2010-12-31,0,8795,59684.62291881424,3.9259236722515554,54.861248786825485,1.156335914401013,18842.921846315934,173746.68051586847,Superminicar,0.98988053335562,12,2010
2011-01-31,0,18208,56413.11499934639,6.9669188999034155,80.084813267562,0.8661913053804586,16609.83881168198,327600.1784247857,Mediumfamilycar,0.9624925707167548,1,2011
2011-02-28,0,10841,22452.090082451818,5.971645845944149,71.93742589318782,1.12810522887752,33059.24021224275,106908.59826382493,Executivecar,0.6319086139055371,2,2011
2011-03-31,0,14964,46682.45391621097,5.7381757049034885,109.53086527795531,0.8961321662162626,36093.569963967595,300828.5983765002,Sports,0.33545874298941747,3,2011
2011-04-30,0,13261,21006.04443794543,8.554421963093475,80.07873458136413,1.070261166790656,30591.828366134825,414395.4694018694,Smallfamilycar,0.7085219985551556,4,2011
2011-05-31,0,9792,50772.35824662905,8.73265087595333,80.06140201634891,1.126143087231759,22918.924293068896,367597.12804697594,Superminicar,0.30129145018924697,5,2011
2011-06-30,0,5789,50009.52878071011,5.684916012058771,66.00230188654496,1.0765318711539615,20417.061893203412,478405.087950015,Mediumfamilycar,0.9461344126200849,6,2011
2011-07-31,0,11642,32994.62670561637,9.644764031155646,55.672365475864765,1.0758772817545994,18871.100883875708,462784.0707917306,Superminicar,0.6969535718471437,7,2011
2011-08-31,0,7703,27525.811204407444,6.598990004864863,66.47945237667234,0.8719215116985082,25329.218409198256,152764.65782437852,Sports,0.4188461883428495,8,2011
2011-09-30,0,12102,20712.983090970978,5.197128175817752,63.97649091747734,0.8291659894500338,21965.971370256168,281876.0976906532,Sports,0.5232230677363007,9,2011
2011-10-31,0,9597,23204.335731995132,7.477009775026575,109.20681423738336,0.8115298659196927,35263.54236067319,332942.3056185992,Superminicar,0.4261563641535082,10,2011
2011-11-30,0,6566,34021.78539114434,6.906074009805513,62.33121749123351,1.1466568839391256,33395.461869898936,246524.71976492408,Superminicar,0.22410838361530255,11,2011
2011-12-31,0,17142,41182.27830258265,4.0783789368677805,104.36517030679529,1.0039971869209867,28155.757207670835,260392.74011160497,Mediumfamilycar,0.1388851093319071,12,2011
2012-01-31,0,7033,46487.33488226488,7.264156383372098,69.13674087034181,0.8543978144919694,31611.387306105218,363220.5497424174,Sports,0.7981895469713272,1,2012
2012-02-29,0,9158,49145.48907442337,4.52812904346785,60.57991283344863,0.8680397963734299,16806.21213391232,475799.78230926837,Executivecar,0.5744080607946264,2,2012
2012-03-31,0,5075,26032.24409223504,8.479355949553746,84.55130609164644,1.0024304273173272,24675.980544242935,161386.9920602638,Superminicar,0.20110201779196007,3,2012
2012-04-30,0,11954,48484.32322449141,6.070650829181257,58.43021080519554,1.1541061332955105,35771.626424704424,167789.7909859376,Smallfamilycar,0.491961293738447,4,2012
2012-05-31,0,14883,39592.34852909534,8.623712045182305,63.241308038411745,0.8423378397082016,21323.467081620205,135144.66473360237,Superminicar,0.6062595644284913,5,2012
2012-06-30,0,17161,34020.66744710495,6.502071576199537,107.49087220871598,1.0834129419956828,19135.2150855035,102841.20201128606,Sports,0.7390889430766641,6,2012
2012-07-31,0,13910,24665.26842873621,3.640516225957527,87.07609263128731,0.936129878649971,24938.82171040593,366700.22863937315,Superminicar,0.7450284876793863,7,2012
2012-08-31,0,10332,27260.431425066832,6.136135734254193,61.282014508759346,0.9401233693344042,18778.7967611377,255001.48309367837,Mediumfamilycar,0.3811394928489372,8,2012
2012-09-30,0,7747,29542.731551305144,9.174063189226459,96.56349887453885,1.14211704973299,30818.291309424192,366458.1012336316,Sports,0.13339956793710933,9,2012
2012-10-31,0,14310,24588.380645505615,3.653445950990028,68.20695581114686,0.9129886708077285,22574.79154224603,438361.97339177376,Sports,0.6648531850442676,10,2012
2012-11-30,0,8148,46695.367406013276,8.120464776264516,53.39831282708247,1.14843806535454,26393.37692944929,391430.0483289002,Smallfamilycar,0.43772590519508614,11,2012
2012-12-31,0,16868,38059.11874846288,6.640862928919158,70.9631979419937,0.9875314173578253,32746.18056855863,150392.72905150906,Executivecar,0.2452276291528694,12,2012
2013-01-31,0,8691,29290.813715674136,5.079437825142712,70.86619745230875,1.1268444157367625,34322.22450705202,255186.1737836669,Executivecar,0.27355135895766536,1,2013
2013-02-28,0,10323,37904.12101680915,8.965541056164964,107.99587255149669,1.0507901866134484,36998.90888292808,318706.6461584702,Superminicar,0.9355803194832574,2,2013
2013-03-31,0,8119,30524.25755414612,5.857434074885209,81.75606235247568,1.096853355185325,21278.76391872122,358858.5351023433,Superminicar,0.9409337715798337,3,2013
2013-04-30,0,16021,47704.76798331697,9.857417443441854,63.24210729154506,1.1078909091725098,21567.549292329866,109700.90848786876,Mediumfamilycar,0.3831731976420124,4,2013
2013-05-31,0,9059,27649.383724476967,9.252830970218662,115.14679821185594,0.9719214984349753,16626.79715640597,339822.98793649196,Smallfamilycar,0.26912328058780993,5,2013
2013-06-30,0,14515,45607.63912484559,6.336586380439231,58.35313460898472,1.1563812140235077,33856.36400289969,344015.36916866875,Smallfamilycar,0.9664890983537171,6,2013
2013-07-31,0,10579,28159.824732319037,3.165007799294781,63.69530772095139,0.9543212839708706,20738.879805736055,210604.71794305998,Smallfamilycar,0.49014472163654466,7,2013
2013-08-31,0,18323,50056.45939859049,6.500974151110675,62.44057800891808,0.8322683501817305,21613.51280200346,278455.3587072515,Mediumfamilycar,0.8290699307660344,8,2013
2013-09-30,0,17221,24117.460851256157,4.613366158278766,92.7720487646096,1.135447323194069,26273.340782022147,156810.9296138854,Mediumfamilycar,0.939790679266038,9,2013
2013-10-31,0,15457,23357.93394860865,7.094231206255575,53.992070107472294,0.8872969319722736,21756.545956455633,142068.67569293675,Superminicar,0.8906154519169055,10,2013
2013-11-30,0,15685,27678.182343562647,8.016175338866645,51.29843914355568,1.1998337898239395,27189.336273662368,237379.47852784424,Superminicar,0.766824968133235,11,2013
2013-12-31,0,11546,23040.71353110458,7.295174513741159,86.26848147278437,1.07718896971357,31539.030391759676,181850.30849025986,Smallfamilycar,0.5290668799068857,12,2013
2014-01-31,0,13100,22285.153695984267,7.4026164657219455,60.65275909003182,1.1373731972310663,23689.805648561156,361179.9316152096,Sports,0.36190319674693894,1,2014
2014-02-28,0,10511,34470.99855985769,3.4586175272990216,89.18382603158739,1.193418280244848,33445.10291973069,381630.4606426796,Mediumfamilycar,0.12741208547355617,2,2014
2014-03-31,0,16749,29820.321941504946,9.362986286511743,66.69226847097458,0.9151925832298632,28443.382916836563,190413.96044737523,Superminicar,0.2321636994543272,3,2014
2014-04-30,0,5878,57494.30642072482,4.376001785517007,100.41729795564726,1.1066749058687706,15399.19005706251,495800.3632669055,Smallfamilycar,0.20554680997411118,4,2014
2014-05-31,0,19783,33868.477494186714,7.224641592208432,115.36297913220302,0.8528619420692484,37694.078626455404,172226.3005341839,Mediumfamilycar,0.1923041264382943,5,2014
2014-06-30,0,18864,23160.998292304474,6.1843983641028535,108.47630552885538,1.064470332420053,37175.91657010498,346021.60340336955,Sports,0.311626984845386,6,2014
2014-07-31,0,12425,30125.800231685145,6.147569496037232,88.19895782737893,1.0294282989020485,34911.18822046486,297331.84247401264,Sports,0.6786548236824083,7,2014
2014-08-31,0,5540,48815.05973777968,3.9564335656615257,69.1353134906629,1.0761647916954087,21569.136967805494,423164.01895419235,Mediumfamilycar,0.8806206404631658,8,2014
2014-09-30,0,18758,38612.925661872265,7.400696804975489,112.99822470183533,0.9938937696932055,24151.576938008475,179319.30979693847,Mediumfamilycar,0.2631731083923978,9,2014
2014-10-31,0,17626,36770.06230315703,8.365463586609053,105.40658677501722,0.9167116487888216,35662.04582784434,442995.0060201817,Smallfamilycar,0.13742431543367845,10,2014
2014-11-30,0,16187,44324.910335866414,3.8810639940368343,97.74019527062956,1.0686629483419434,32325.269312318032,146946.00748336996,Executivecar,0.9674922774470212,11,2014
2014-12-31,0,14475,44964.459200919155,4.544400373499293,110.36611144452766,0.867240914517221,26222.339834567436,399043.16255434626,Sports,0.6142804055257817,12,2014
2015-01-31,0,9670,21330.423861312287,4.232732591702365,99.49219782146545,1.0703400987300449,36492.11185371019,280808.02586458065,Executivecar,0.6317711881849416,1,2015
2015-02-28,0,10790,55549.58555039784,7.010508043441554,50.491715342432904,0.9158894861435035,38360.81538908506,166149.09998966247,Superminicar,0.37557711072498257,2,2015
2015-03-31,0,14671,35446.85208645205,5.279533722719411,61.42173011820125,0.9079291201911579,16512.663268047225,410461.36381637515,Executivecar,0.6898043090975052,3,2015
2015-04-30,0,16404,41878.53317359835,6.311808648674247,116.68784853597792,0.982633996089244,19509.564160344515,337996.8225358345,Smallfamilycar,0.2218213394837836,4,2015
2015-05-31,0,7428,30206.745397819737,3.9693741529771183,58.28587123372837,1.0155041866104304,22814.88189647973,306754.4776004751,Superminicar,0.7907044701606252,5,2015
2015-06-30,0,6945,52458.15402037301,6.499557426907514,90.34472098242975,1.1366795540224608,19877.965518194862,423432.5608796794,Smallfamilycar,0.8369836090952889,6,2015
2015-07-31,0,9607,41555.0909750971,8.736689534454328,110.12752671381551,0.8978420759522442,35540.95042811999,392677.43795722415,Smallfamilycar,0.4219816385139513,7,2015
2015-08-31,0,7062,33807.422775033716,3.4261865548063244,111.36903369850401,0.8895297139915908,26001.860748571755,332440.235153088,Executivecar,0.314783813762113,8,2015
2015-09-30,0,8307,54616.19898230811,7.223888125467448,78.93240681932858,1.0812163798073322,32450.378768553055,341960.98939859803,Executivecar,0.18061043482183536,9,2015
2015-10-31,0,19468,48057.2435368438,4.524150161083331,85.62298228503593,0.8224999332369664,18887.770327004346,415821.50086089136,Sports,0.7090532304518785,10,2015
2015-11-30,0,9805,49918.39776097887,4.925361563674926,100.68455016898733,0.9003519918385662,34956.64207547583,449124.5724389928,Mediumfamilycar,0.39531278255398195,11,2015
2015-12-31,0,12807,43562.63462841332,9.660005709343153,89.78486856791456,1.136137849123397,22294.489187483236,154119.48250417886,Executivecar,0.25946255721655154,12,2015
2016-01-31,0,9777,49866.17376872104,9.119063831969168,84.39635899095606,1.1766581915304277,34056.71793590841,438178.4429882009,Mediumfamilycar,0.4428612176033918,1,2016
2016-02-29,0,8513,40040.89794779939,6.643697987340728,54.17243789935278,1.060880277819686,21990.403872343795,389323.4887953461,Executivecar,0.250518762132928,2,2016
2016-03-31,0,10251,57156.59527082068,7.470956767928982,65.79365177592297,1.031180523246219,21076.298550284977,351076.640478578,Sports,0.8001764672081365,3,2016
2016-04-30,0,16861,33281.093086435,9.168067120462746,56.66260637703907,1.0919133406106067,27891.4697036984,149376.32610536306,Smallfamilycar,0.580041301659157,4,2016
2016-05-31,0,17339,57297.4738183195,8.350955215017159,101.70145365418284,0.8510872738234665,21560.31008134765,144474.99276457692,Executivecar,0.7225710801679283,5,2016
2016-06-30,0,9641,29136.158108377364,8.815381895820968,109.05708526112893,1.0150684912395904,21140.723504383554,195324.57276361855,Sports,0.6662878544126687,6,2016
2016-07-31,0,15691,50218.10049305498,5.6432072376099205,110.0207923191451,0.9890117329158923,26947.384811298914,130356.45907043069,Smallfamilycar,0.6598162543756465,7,2016
2016-08-31,0,19499,28380.475222362897,4.747689731786534,117.5898705616235,0.9543414353443641,21264.447364623677,359240.4859515587,Executivecar,0.8021974647270019,8,2016
2016-09-30,0,10378,32816.88609148489,5.049129662702324,78.6412072914627,0.8141411582937153,35135.21438150121,281252.20068232866,Mediumfamilycar,0.3251755744932841,9,2016
2016-10-31,0,6829,36668.73045355864,3.6059066759233627,86.18040023872302,0.9385715173341651,34250.51919242188,135563.5424074034,Smallfamilycar,0.6587787973312527,10,2016
2016-11-30,0,7444,30019.20671264977,9.359688345597101,90.92418570389627,0.8384758494467879,15110.428589543952,399489.8514708604,Executivecar,0.26856630895806954,11,2016
2016-12-31,0,10772,34752.431778972095,4.445887827385588,73.4101567552616,0.9195161947202257,16408.060964348482,408621.2119032538,Smallfamilycar,0.11093131337103969,12,2016
2017-01-31,0,17397,44348.73307382445,9.333778783289826,100.61299815302006,1.0834600099427534,37256.78739013815,379791.96446366474,Executivecar,0.2636522989902468,1,2017
2017-02-28,0,15607,36616.31276840454,7.734042327667384,53.507552026099134,1.0155451848819332,16932.443299502775,379150.6570500528,Executivecar,0.9006795983413703,2,2017
2017-03-31,0,16891,29151.452528321744,5.7546085800592035,103.06197216988492,1.183788944270245,20529.29574006997,100625.72396739892,Superminicar,0.9305321785355306,3,2017
2017-04-30,0,17005,25910.53339941106,6.600950253971272,101.61707210198601,1.1748343270187853,18495.36922201994,118944.14926750891,Mediumfamilycar,0.37701414030728486,4,2017
2017-05-31,0,10445,46172.793397342975,9.465851484652804,54.446821496015325,0.9955848310607407,17126.694859068877,105208.50564178076,Smallfamilycar,0.1463922163989952,5,2017
2017-06-30,0,5212,43670.293897830044,3.442885508563035,119.20462184938518,1.051927502320156,35325.35234039833,284250.38720725925,Superminicar,0.1415470863300458,6,2017
2017-07-31,0,17545,54838.37988861267,7.466804564642183,94.36440109125849,1.161750286400969,29447.35873585769,477120.96628036065,Superminicar,0.21933762488902026,7,2017
2017-08-31,0,14513,37473.516680900924,3.5980735268692783,112.53326816515755,0.9408378334869313,27922.796191315017,218329.89475830086,Mediumfamilycar,0.6776722662439443,8,2017
2017-09-30,0,17586,29906.287825175146,6.416645992332416,106.66107916688105,0.9090172623303624,34167.752330204436,437867.4768009998,Sports,0.9889820014071248,9,2017
2017-10-31,0,15548,30932.837826631952,3.2450812722830573,100.96883513321282,0.9089992902720686,30784.560060048614,413050.4339752652,Smallfamilycar,0.36855716758785295,10,2017
2017-11-30,0,17636,37372.3319339521,7.656412904434006,113.12572719859003,1.1930216949680439,15915.715104720708,214942.00815743936,Smallfamilycar,0.4438711243499366,11,2017
2017-12-31,0,12819,48280.3822629095,5.7005278732483085,116.02814114796611,1.0285841113673555,35060.57226037371,170634.67790015542,Executivecar,0.5976573039238057,12,2017
2018-01-31,0,11239,49252.367023313825,4.908473642672112,117.31932178598788,0.8124437907877993,33061.219477590836,163456.0833632456,Superminicar,0.33686046947314524,1,2018
2018-02-28,0,8620,56815.72277558033,6.668045315188205,50.24467166452239,1.0487261301780908,38438.73434946503,376440.9809227336,Smallfamilycar,0.9436046588005748,2,2018
2018-03-31,0,12443,40274.02820741433,6.573932694418287,118.7823397390672,0.9539359958418125,20447.264745113833,314941.1780056871,Smallfamilycar,0.7402871590267478,3,2018
2018-04-30,0,16806,23082.37843911919,3.346871117399001,119.11267226798412,0.9738484181588964,21422.18138328698,378066.78132237995,Mediumfamilycar,0.13125376820858287,4,2018
2018-05-31,0,13363,39979.61874352154,6.816346333851599,62.71799056166441,0.8626280722406772,29187.67736785023,176363.88930394623,Superminicar,0.9062590920925524,5,2018
2018-06-30,0,16830,30190.157729002483,7.871724183928844,95.3925380280665,1.1649539633713308,36570.099924488924,371365.3084801429,Mediumfamilycar,0.4984011185943019,6,2018
2018-07-31,0,7102,39552.61038585696,5.769113876458666,85.64457332121484,0.8908726592369534,34317.084397786966,429517.20841752284,Mediumfamilycar,0.5365978554661972,7,2018
2018-08-31,0,10928,39771.853274496665,4.477441167318296,62.00703999487765,0.9174416279016667,27862.256599252178,203812.76951305236,Executivecar,0.12690766043808455,8,2018
2018-09-30,0,13730,48669.99730270836,3.8099016536686694,95.51749037183541,1.0531491358141876,29880.59763976744,346099.4466724897,Sports,0.7418450031361424,9,2018
2018-10-31,0,14233,47731.25182874336,3.464743771820645,58.393227196905976,1.1570412047727276,22816.34012865733,115755.74270075504,Executivecar,0.23174284343393217,10,2018
2018-11-30,0,16770,21036.539994016537,5.648611105983489,103.90938937119418,1.1309325214160757,35519.94295330774,352991.66244081646,Superminicar,0.2706075308689654,11,2018
2018-12-31,0,10015,38210.87374546273,7.514647266554754,102.5579088883259,0.8360013946461223,19936.882199408712,368967.33717454737,Smallfamilycar,0.11031018557959549,12,2018
2019-01-31,0,9200,56621.056146963085,6.656420798598081,62.32505512883537,1.0055783141382209,33013.64957070458,170176.5525862059,Mediumfamilycar,0.7114522903137485,1,2019
2019-02-28,0,7342,37110.94318826053,3.129139147237148,71.69765025385304,0.8772386405569915,38531.35098256958,452549.2613935319,Executivecar,0.10546714258998767,2,2019
2019-03-31,0,17328,27839.456536128266,3.3920902078398205,86.06404224018972,1.103346215303719,16350.85647275002,103667.52320984328,Smallfamilycar,0.24706620824289657,3,2019
2019-04-30,0,15936,42668.05068316329,6.581744595605896,74.55771854422173,0.8846579158616978,17147.374388121578,118528.94835461791,Superminicar,0.1201300507367317,4,2019
2019-05-31,0,8369,25887.637968296556,9.310072067318444,65.00718961323237,0.9876282764043086,33903.5307911432,439781.37581568776,Mediumfamilycar,0.25436359443234746,5,2019
2019-06-30,0,19957,54432.99037553825,3.9858430149761066,51.23449118968379,1.1151852470594608,35164.35166423507,103471.29539811952,Mediumfamilycar,0.6270257098447097,6,2019
2019-07-31,0,10222,42787.77118731494,5.251785999358869,62.58182573211099,0.8288455608013781,24944.953264436175,311083.1839922941,Superminicar,0.7479281149151527,7,2019
2019-08-31,0,8485,52269.75434780738,8.720268623383735,118.84408329942225,1.078487265030323,36211.42814256677,465192.40845349175,Mediumfamilycar,0.4201457492041205,8,2019
2019-09-30,0,12322,47985.72920196809,3.3555604711183205,107.52471131801244,0.9143715421956221,17141.258048904518,115853.59801516883,Sports,0.4328499918336297,9,2019
2019-10-31,0,5997,33847.43695208743,5.283843147642102,119.79724807234803,1.0226690040957256,32978.466245196374,490595.71202996466,Executivecar,0.5502015969230857,10,2019
2019-11-30,0,18137,50722.927271947556,9.253473131070049,115.42203947893047,0.9997577808302291,31456.176824766928,360610.9683015942,Executivecar,0.8396185680419637,11,2019
2019-12-31,0,17262,36052.1373772432,5.595701829836693,64.84728664160227,0.9491818673968845,30420.63131496773,120125.5633382158,Sports,0.9089130499928001,12,2019
2020-01-31,0,17887,50415.45641852285,9.24661074042753,100.40961040631325,0.9440612511191843,18467.952070425734,464428.046520965,Executivecar,0.7475447209110292,1,2020
2020-02-29,1,17222,46419.551363351464,8.067474141007551,115.04043444615287,0.945325200940184,25268.569970071832,167222.26048977405,Sports,0.39570402586216,2,2020
2020-03-31,1,15788,41453.50567921528,6.190812750609188,56.20775547557705,1.040800480056815,33282.42715765543,172808.16400502063,Superminicar,0.13976893423094094,3,2020
2020-04-30,1,19638,36470.41066111292,7.371722352131315,62.703433014197714,0.9981909344132154,29164.7545839269,478006.2184639459,Executivecar,0.26902670404659657,4,2020
2020-05-31,0,16389,22153.555683025585,5.304533528326655,68.54513905314634,0.8144081503904229,26098.275022693455,120057.53536094885,Smallfamilycar,0.3783295430183343,5,2020
2020-06-30,0,8604,26843.6601535132,8.184428292356628,94.61252631377008,0.8121136356211459,17446.529917137075,172756.9428135258,Executivecar,0.8307093881685176,6,2020
2020-07-31,0,11264,50572.69044894759,5.609563804720028,57.249229855228364,1.1055588538847696,36029.33467891326,185746.0351087813,Sports,0.30145404446255686,7,2020
2020-08-31,0,19477,59900.68964129786,7.919151304253972,96.21650399807295,1.1319005375286628,36864.835634939096,183730.58650597782,Sports,0.6406448352300236,8,2020
2020-09-30,0,10852,28586.571746787806,6.517165740230688,108.0115530519928,1.0318219055016737,15472.532684853919,496973.904259273,Sports,0.7209327774897774,9,2020
2020-10-31,0,18353,28862.809220971525,5.325655225306117,96.73874535369553,0.964751793399551,32874.05652345807,478066.48727533035,Smallfamilycar,0.12078409663170092,10,2020
2020-11-30,0,19630,21524.61347700199,3.1416319349109236,106.2029718303196,1.180844595922785,27574.262891325394,155272.99723901122,Smallfamilycar,0.505908646949105,11,2020
2020-12-31,0,17969,28097.80052750423,7.348719548769321,61.34793160934646,1.0597485146625683,32711.25688834096,409053.4855444337,Sports,0.5788662380422869,12,2020
2021-01-31,0,8764,29204.474115681398,7.7220505035926434,84.59418198205987,0.8390980823486456,20981.074294083664,477744.7239012134,Superminicar,0.682349780620289,1,2021
2021-02-28,0,9183,20701.549468279565,4.897525770900888,81.74368447173495,0.8603644121498016,28958.114335446597,246914.5759104032,Smallfamilycar,0.4059550148428628,2,2021
2021-03-31,0,9465,49354.091113523624,7.267301583237391,102.62958681797252,1.1208573144957115,22541.675956050443,486790.448484529,Sports,0.7951725381734827,3,2021
2021-04-30,0,9826,37495.282931239766,6.614476445849215,82.19925000277435,0.8903484052264538,22061.06220099789,401118.55781313987,Executivecar,0.3482498824726917,4,2021
2021-05-31,0,5916,42453.112504405304,5.609089359797347,94.73761415293279,1.1448206255286872,33466.709210903675,218810.06492335704,Superminicar,0.9079011740245212,5,2021
2021-06-30,0,15452,28459.873759396818,9.73791560540871,86.89511479594088,1.1102968906549835,21391.619755962718,116944.23140875547,Mediumfamilycar,0.6082455804362994,6,2021
2021-07-31,0,10276,35367.72021457396,7.065293358174794,84.38982292400414,0.9101933544912822,26694.569202951414,338889.7938708981,Mediumfamilycar,0.7291246246996468,7,2021
2021-08-31,0,7442,40200.76839991608,4.1338288918595305,61.16224186196064,1.134645968142632,15857.615147779206,162688.2299740431,Executivecar,0.7380009925389974,8,2021
2021-09-30,0,11185,49979.09346835263,9.937365671563409,85.6339811355081,1.1948555922815494,21799.41508273973,118772.74432194054,Smallfamilycar,0.598001229759731,9,2021
2021-10-31,0,15158,48176.617800999724,6.463055320734411,55.51064624959725,0.9297958664904499,25855.017186317553,262566.4847846313,Sports,0.8276315610276548,10,2021
2021-11-30,0,16478,37852.06997631427,6.892674355011444,68.61411143152645,0.980508562388428,31392.74781791152,143233.30999201044,Sports,0.37595467021704965,11,2021
2021-12-31,0,16647,48832.065973944744,8.730463229209084,87.29318979340168,1.1165758467234497,23260.058789995514,490817.4823938643,Superminicar,0.45199174958824484,12,2021
